Account Type,N,C,B,E,F,J,P,H,G,K,O,I,Q,L,A,M,D
Revenue,,,-300000.00000000006,-300000.00000000006,36874892.68,18272216.4196216,159304010.65895683,66153339.93393431,25134103.25564238,13811432.85887474,7930041.717620601,21114225.195785798,18380356.23110224,7463290.19,3085546.46,2878851.8,14060381.36726943
Revenue,,,,,,,,43817259.671814725,6326312.058787511,,,,,2415291.0,19436732.650000002,1985077.0000000002,
Revenue,,,,,,-223646.74594735,-369725.2121089,,,,,-432.92216622999996,1669.7523870399998,3.29,,-44.06999999999999,3697.3570568399996
Revenue,,,,,-1322528.73,,,,,,,,,,,,
Revenue,,,,,,1864742.24126144,0.0,19426779.885209348,7431494.872608829,5185598.15456728,4592327.917457099,231374.09214178004,471097.40618308005,645376.0000000001,,616334.0800000001,20080205.59545247
Cost of revenues,,,,,-845649.7,-991249.43638488,1613677.37976412,,10331243.15666381,,1975.4335223989997,110435.51033781,-2977151.7344346098,271791.14,547.99,232193.47000000003,-2663899.7501687002
Cost of revenues,,,-1404428.0254257,-1364456.935076698,161557.40000000002,3659457.101267831,37063766.41958174,,8767871.90948148,8197432.236161349,2356863.832536471,8880492.90552167,10107010.898915319,1774383.01,6641692.15,482452.2100000001,20295108.150441512
Cost of revenues,,,,,,,141417.36000000002,,,,,,,,,,35050.59070889
Cost of revenues,,,,,,,196816.93123406,,,,,,,314968.85000000003,136769.68,49530.87,
Cost of revenues,,,,,-7174.129999999999,,,,,,,,,,,,29396.04480526
Cost of revenues,,,,,,,,1914085.72435131,,,,,,,,22191.600000000002,
Cost of revenues,,,,,31740.69,490461.01455721003,1472777.19335314,,224558.19330987002,,,,,110360.56000000001,11561.029999999999,34407.380000000005,
Cost of revenues,,,,,,272921.067350529,-50219.40938968,,,,,,,,,,
Cost of revenues,,,,,,,,30046369.52915845,4206660.70193778,,,,,474614.00000000006,,499090.18,
Cost of revenues,,,,,,,451223.64,,11899.6325976,,,,,,,,
Cost of revenues,,,,,,,561167.33961347,,37153.44643836,,,,,,,,2927.35682087
Cost of revenues,,,,,,,-10878.150000000001,,297968.99087395,,,,11378.89560695,14788.7,223172.57000000004,,273160.17978172
Cost of revenues,,,,,,,110068.26662240001,,85505.52299647001,,,15813.329776800001,-3352.1700254999996,-226194.59,,-47428.91,21353.03199225
Cost of revenues,,,,,,,,339449.28939680004,465.33294048,,,82906.8431868,,62048.49,-6591.48,66484.95,
Cost of revenues,,,,,,,-368539.405596,,664789.48893788,,,,,46709.490000000005,278945.53,4963.25,
Cost of revenues,,,,,,,,,,,,,,,,,
Cost of revenues,,,,,,,,,,,,,,,,,
Cost of revenues,,,,,,,,,,,,,,,,,
Cost of revenues,,,,,,,,,,,,,,,,,
Cost of revenues,,,,,3580124.7800000003,1337157.4416030801,11542951.12484201,19859699.64481128,99435.45009574,5393536.62867314,2109930.132014636,1920174.09964091,1631154.47219748,2055435.6400000001,891509.4400000001,1156614.5999999999,1829357.03003192
Cost of revenues,,,,,213683.45000000004,,152850.12000000002,,,-13492.99991167,,,,,,,10961.35562019
Cost of revenues,,,,,,80512.52514670901,,38147.869462,,396666.8213965,,,168009.20632009002,,,,256173.10043561005
Cost of revenues,,,,,,,2062079.95,,,,,,,,,,
Cost of revenues,,,,,,68267.31768388,3674220.6297976,,,,,,,2737822.95,1007772.6200000001,670769.01,
Cost of revenues,,,,,,22564.789601200002,,,,,,17103.61164152,,86403.00000000001,,16815.0,53086.50963636
Cost of revenues,,,,,220862.92000000004,64047.728123498,478541.7658752691,1152578.5859096,-5.3012818,565541.95215578,44331.46557415,25550.66218087,50660.223095919995,12900.0,412335.50000000006,,44799.62535172
Cost of revenues,,,,,,,,178796.29067100002,-19.23326838,27282.950138750002,,,,9049.05,,,97796.46341574001
Cost of revenues,,,,,,,,,,,,,,103282.18000000002,,80009.14,
Cost of revenues,,,,,169696.25000000003,,,,,,609708.6128399511,,,99315.34000000003,,44567.700000000004,
Cost of revenues,,,,,317189.56,293348.39264525805,236210.97,8110969.90031805,19325.36524248,998713.6125064901,,,,239359.38,147078.47000000003,112983.72,281968.52091270004
Cost of revenues,,,,,,,,,9.08025402,,,,,,2082.96,,
Cost of revenues,,,,,,156067.012003954,,,,,48480.94255302,,,,,,
Cost of revenues,,,,,730927.92,10162.660445278,3037303.04244048,5807.5901975,,,28832.71150933,,,777676.77,171026.88,327635.39,
Cost of revenues,,,,,80731.1,11741.240494449,234302.69,,,47040.54915708,259753.81330643003,12572.48580656,1360.9488998999998,162819.42,218185.54000000004,90138.52,
Cost of revenues,,,,,,,,,,,,,,,,,
Cost of revenues,,,,,56782.22,52916.923680568005,8249.22,519477.80620164005,-1.87982837,183410.55113209,81684.28970798,393420.13676831004,138463.93500076002,796.9999999999999,3219.83,,
Cost of revenues,,,,,132145.45,9158.649048568,145313.33510656003,1227075.62555936,-44.17378531999999,31071.400891719997,44.03752084,,18018.05275179,14941.48,5815.99,8371.32,3834.2956423899996
Cost of revenues,,,,,,680.6208572989999,55007.96935002,,,,1645.95158243,171391.66288414,12940.96392479,2958.7099999999996,852.3899999999999,3013.41,12002.381770470001
Cost of revenues,,,,,,4644.0700218189995,121576.38771322001,115664.62159414002,,,,,41339.57320509,,,,18092.35388191
Cost of revenues,,,,,,13850.958731709,804.8097048999999,619540.81338323,,30767.881919519998,,75270.47897047001,97565.25878163001,1723.3499999999997,442.75,,15150.87443044
Cost of revenues,,,,,249.03,4888.439138557999,52217.74249592,568.2324152,,,,79713.46937358001,18064.3585781,,,,7675.706862419999
Cost of revenues,,,,,,,,121154.02996396001,,29202.86232157,,,615.4765408999999,,,,
Cost of revenues,,,,,-862.7799999999999,,,,,,9975.89928648,,,38.92,,,
Cost of revenues,,,,,,998.1003714999999,273118.75262971,,,,,993.05879688,649.0424434,,,,
Cost of revenues,,,,,368316.99000000005,6124.703655859,2258.42353772,233557.40541885002,0.78624,18965.14284076,5742.67463263,18246.20648469,1992.4150858399998,10094.48,3368.15,72.05,5523.92387257
Cost of revenues,,,,,83953.78000000001,129.281604037,136434.41320160002,,,,4949.698810169999,4764.660910199999,,,3805.0899999999997,,475.86145374999995
Cost of revenues,,,,,229565.61000000002,,36915.61,,,,,,,,,,
Cost of revenues,,,,,641502.91,40967.080244330005,285682.87000000005,48226336.24096742,,158799.74015878,3286.7064366399995,2827699.11058678,2075281.0211216903,,268.42,,53940.323016129994
Cost of revenues,,,,,160641.54,4562.22828677,11961.329200600001,,,968.4747424999999,,133042.53330727,236106.88889782003,3960.5199999999995,15188.36,18274.11,472308.4560388601
Cost of revenues,,,,,2237806.1300000004,141463.66980818,-3182.5499999999997,295.6280528,,825.84786172,,325.99163156000003,160.01825058,11052.3,,7677.979999999999,
Cost of revenues,,,,,34962.06,132.00117239999997,2158.9067999999997,,,,,,,2001.1199999999997,11293.35,1530.6599999999999,
Cost of revenues,,,,,-12.35,23308.35940174,,236705.49609242,39110.97311961,,,14188.16426512,26148.92756882,9683.74,,354.83,22475.647704240004
Cost of revenues,,,,,5182.969999999999,203.25428017999997,,397232.82513223006,,,84633.98343128001,70.43431774,381.77271093999997,,44.43,,
Cost of revenues,,,,,886.1999999999999,8331.567644599001,12289.867199999999,446286.1139737401,-86.74455031,51017.66504636,,7287.4381422,9608.0368762,1874.9999999999998,4799.78,4554.999999999999,5647.60659181
Cost of revenues,,,,,,,,,,,,,,,,,
Cost of revenues,,,,,81725.22,441.171072,,1935.9641269399997,27459.991341800003,,,,,,50154.409999999996,,
Cost of revenues,,,-5938660.0,-5938660.0,45098.130000000005,439104.8619929871,1247938.24,1003593.23298,,531013.64604812,421731.02643935004,,,283633.92000000004,3276.5299999999997,344488.42000000004,
Cost of revenues,,,5938661.0,5938661.0,,,,,,,,,,,,,
Cost of revenues,,,,,120895.59000000001,208039.69517300001,99759.66,,,34483.24922459,364134.59940055,,1973.3860628399998,121536.79000000001,61847.869999999995,59335.89,
Cost of revenues,,,,,34477.28,,,7540.256243999999,,9174.6120959,20316.703648619998,,,3257.7,222.41999999999996,1705.5299999999997,
Cost of revenues,,,,,,,,,,49054.194526130006,86771.125055465,24195.21708535,22458.105074770003,79147.89,98514.3,48777.92,3740.3695749999997
Cost of revenues,,,,,383914.47000000003,98923.68636788001,83062.2498,269315.60543414,,69125.85384368,401654.62868327904,,225230.17459671,150967.00000000003,80452.99,103907.50000000001,7038.541252939999
Cost of revenues,,,,,3207.2799999999997,3652.209675729,22355.04475522,29766.06166622,-1.6894998,21590.1722624,10983.38942804,14478.11762438,16733.998208959998,2623.7999999999997,760.65,1937.3099999999997,1621.0915839
Cost of revenues,,,,,21494.86,53310.63910423,,173281.87128758,,251305.19707916005,31104.82866697,214.88488672,5.0745981,5340.679999999999,,647.53,
Research and Development,,,,,,,,,,,,,,,,,
Research and Development,,,,,,,,,,,,,,,,,
Cost of revenues,,,,,,17675.89288,,144070.664224,-17.96145,18162.79968,,39.571887999999994,,40744.020000000004,,17000.0,
Cost of revenues,,,,,,2248.75730024,2770.826311,,,,,6215.29187325,,,,,2742.2607343299997
Cost of revenues,,,,,,,,,86.85526987,,,,,,,,
Cost of revenues,,,,,1554139.94,98040.94114042001,689304.21139008,11888.022309439999,0.0,88.29507968,4361.7163628,,2290.3260732599997,259869.37000000005,21637.239999999998,103065.0,262.58724362
Cost of revenues,,,,,15554.910000000002,,,,,12994.64803626,,378.872208,4174.20030608,,,,19728.14875056
Cost of revenues,,,,,,,194.01407999999998,,,,,,1743.7310691999996,,,,
Cost of revenues,,,,,,,,,,,,,,,,,
Cost of revenues,,,,,,,,4174.46983,,,,,,,,,
Cost of revenues,,,,,,,,3883.9912233999994,,,3113.2054272799996,,,,,,
Cost of revenues,,,,,,,2549.5517361999996,,,,,,,,,,
Cost of revenues,,,,,,,,-2204206.60038954,231234.86403815003,-9073449.58570471,,0.0,275101.62994249,-2032986.72,-3014.23,-623372.91,1586519.87777756
Cost of revenues,,,,,,,,,,,,,,,,,
Cost of revenues,,,0.0,-10183938.0,527545.3500000001,239654.6117646,1619787.0,1341010.432086,1787317.1468514,281274.08808240003,,682443.4308894001,-390299.66705600003,,272682.0,,662497.3336753901
Research and Development,,,,,,,,,,,,,,,,,
Cost of revenues,,,,,,71739.55447640001,,,,,,,,,,,
Cost of revenues,,,,,,,,,,,,,,,,,
Cost of revenues,,,,,,27669.7874392,,,,,,,,,,,
Cost of revenues,,,,,,13995.480554119,,-3824380.37220491,-762832.4486330001,-19111.89704536,2936.0857174999996,,,30.13,17966.91,183.7,45963.10383296
Cost of revenues,,,,,,,,,,,,,321.8975,,,,
Cost of revenues,,,,,-29.62,,,10028.72135256,,,66.30563044,,,,,,
Cost of revenues,,,,,,,,17848.979575,,,,87173.90605680001,,,,,
Cost of revenues,,,,,,,,,,9823.14,,,,21912.0,,,
Cost of revenues,,,,,0.04,,,-4838.9183808,,,,,,,,,
Cost of revenues,,,,,,,,-3028154.3938103598,,,,,,,,,
Cost of revenues,,,,,,,,-1086146.0711244799,,,,,,,,,
Cost of revenues,,,,,,,,-575881.0831340901,,,,,,,,,
Cost of revenues,,,,,,,,,,,,,,,,,
Cost of revenues,,,,,,,,,,,,,,,,,
Cost of revenues,,,,,,,,7551168.42043977,,,,56897.19816667,,,,,
Cost of revenues,,,,,,,,,,,,,,,,,
Cost of revenues,,,,,,69684.496343359,,660189.4082852801,,,,191.8376585,,,,,
Cost of revenues,,,,,,,,1035408.1240133699,,36759.91161352,,218772.77675750002,170344.36936608,,,,514298.42507249
Cost of revenues,,,,,,,,-41115684.71187331,,43658.4,,,,,,,
Cost of revenues,,,,,,,,241443.488,,,,-87862.53000000001,,,,,338.54735947
Cost of revenues,,,267721.42000000004,570097.580655626,,,7044832.28674745,10557557.95272256,,3006867.99849953,3144779.352415181,,,,,,
Cost of revenues,,,,,,,-16195471.801589381,,,,,,,,,,
Cost of revenues,,,-518585.7737,-518641.03317283705,1183092.62,943158.551957339,732192.1018280201,1063977.81887639,336402.90008812,926468.1482643,444610.40942539007,167529.58311573003,38879.7771687,65830.5,292149.85000000003,92524.46,51767.798083459995
Cost of revenues,,,323976.0,323976.0,,,,,,,,,,,,,
Cost of revenues,,,,,,,9833340.0,,,,,,,,,,
"Selling, general & administrative",549325.1900000001,,,15189154.18,3180448.38,1984543.819531318,27407292.21201507,7550876.35972082,3151208.5786793404,652215.87993342,605673.866592768,1946303.55175072,1142425.40057307,701430.79,545576.9700000001,346678.23000000004,2157534.68071032
"Selling, general & administrative",,,,20388.19,65421.56,,55346.21,,,-1870.44029983,566.9464535999999,,,,,,46567.23086691
"Selling, general & administrative",,,,0.0,,252412.28950733802,4066.06,5505.215777999999,89519.72574454,,,,15942.0566431,,,,
"Selling, general & administrative",,,,14750.0,220000.01000000004,,2159745.97436826,,469734.14889700006,,,,,3000.0,,17772.59,264699.52268891
"Selling, general & administrative",,,,,,,,117689.23021600001,195826.25725823,10522.865859700001,,,125646.59889230001,3286.5,,,121150.01622716001
"Selling, general & administrative",,,,,,,,,,,,,,15621.039999999999,,11554.12,
"Selling, general & administrative",,,,644438.1,223001.30000000005,,,,,,174987.17520347002,,,24239.600000000002,,13853.560000000001,
"Selling, general & administrative",,,,715937.4400000001,,,,,,,,,,,,,
"Selling, general & administrative",,,,-718435.39,,,,,,,,,,,,,
"Selling, general & administrative",34520.22,,,1467111.39,261935.13000000003,411618.55921577907,513181.40038596006,3742430.6187377702,1164447.6068427898,110657.34385496001,,,,54057.520000000004,22047.08,28359.489999999998,267178.76659615
"Selling, general & administrative",,,,482541.21,,,,,90916.7829363,,,,,,248.93,,
"Selling, general & administrative",,,,,,115019.70156655801,,,,,7864.35697251,,,,,,
"Selling, general & administrative",,,,1907094.75,270758.75000000006,19383.824004558002,6715325.29882967,115732.97490495,7593.774228199999,,8275.046505929,,,133267.28,36865.06,27608.75,
"Selling, general & administrative",,,,461942.6,88560.33,24237.641359329,80186.03000000001,,-135394.21941016,14404.00195758,74549.679866807,-75280.79646075,2553.57933155,,44882.62,,
"Selling, general & administrative",,,,36407.97,37533.62,,,,,,,,,,,,
"Selling, general & administrative",78745.96,,,43882.39,16322.31,65160.191590074,73193.941502,214143.22185473004,97640.29121384001,34995.777851139996,6279.8482565879995,388153.61225421005,74382.00154865,49.99999999999999,15228.5,,
"Selling, general & administrative",,,0.0,501204.94000000006,,162856.74152008002,,,64301.87534063,,,58348.424689780004,,55970.0,132804.85,36768.0,133818.76976575
"Selling, general & administrative",,,,4317954.35,416437.55000000005,53672.3382654,4609698.676532521,479434.27032,314631.66869098,113094.52013098,12723.179620160001,66235.97642346,238686.80344443003,1249.9999999999998,57664.50000000001,23865.0,46512.52320895
"Selling, general & administrative",,,,888396.48,341510.29000000004,28665.92678728,609890.205469078,431029.64761190006,110381.72046888,8091.90565442,5816.87151463,,17050.06123536,13908.44,7020.03,9434.310000000001,8120.590658210001
"Selling, general & administrative",,,,283661.66000000003,,13404.9562,276593.44454220805,,4709.135821989999,,147.04197786,67329.24904587,12812.52261982,12118.77,7581.5199999999995,1928.9999999999998,23290.733962299997
"Selling, general & administrative",,,,621036.0,,20446.810108910002,599753.4169365491,233435.73448413002,74415.30830878,,10067.664139719,,29817.158904580003,,,,22611.58622231
"Selling, general & administrative",,,,6543.589999999999,,42925.113786718,65559.48125187,370744.8711608,100783.39182022,18416.938206730003,2579.4571852299996,58618.32196321,76197.68873876,,1939.81,,7697.8489864699995
"Selling, general & administrative",,,,265904.03,8427.130000000001,19532.584313707,133886.58847660903,1652.2917499999999,106029.86168562002,,1241.295404819,62171.32101834,13929.468644550001,,3.2,,8614.59848318
"Selling, general & administrative",,,,1066.3214999999998,,,,89351.04916155,,9784.2345867,,,362.77128308,,,,
"Selling, general & administrative",,,,117288.59000000001,2463.8799999999997,,,,,,891.1039194389999,,,23753.609999999997,,11197.86,
"Selling, general & administrative",,,,115118.26000000001,,3552.57119475,312039.60834754904,,,,12244.19146358,3115.7505114899996,3869.54714708,,,61.0,44462.75
"Selling, general & administrative",,,,11205.19815497,2074.95,4376.839350098,93972.61750132001,143617.50360771,14888.832613530001,6662.675607579999,,15825.253037179999,14007.97806587,4131.499999999999,4502.78,4750.94,16099.93483363
"Selling, general & administrative",,,,195994.78000000003,32251.81,8953.564560509,2037998.8081079188,,21339.9178172,,,,8660.28732695,,2952.5,,5013.382683519999
"Selling, general & administrative",,,,,2429.9999999999995,,865539.8492,,,,,,,,,,
"Selling, general & administrative",,,,,,3420.5453208199997,424.34999999999997,328878.06380829,129501.78587404001,,,1366.0663224399998,21527.345072440003,,,,1683.0162743899998
"Selling, general & administrative",,,,16834.82,17179.42,2115.31671512,40295.365392080006,,54.078976,5008.00324465,,54407.22835615,50865.193233460006,985.9699999999999,130.01,3608.7799999999997,-23781.26609245
"Selling, general & administrative",,,,6552.21,62447.24,280.5441342,9533.340420158002,17565.11255388,388.76236736,101.67352781,,1664.5855019599999,2261.87623202,3906.2599999999998,445.6499999999999,222.0,
"Selling, general & administrative",,,,1092170.4100000001,711238.6900000001,11935.03194954,197971.34829800003,,,,,,,223.0,26892.050000000003,736.0,
"Selling, general & administrative",,,,462457.05464784004,1752.5,2242.4544643199997,60383.90730672,948802.3393570699,,,,32845.18256773,20840.4112738,,,,3735.1199599999995
"Selling, general & administrative",,828.6899999999999,,50670.984719910004,416594.32000000007,37121.883394999,89291.17984180001,149122.07833943,,,,36352.02266489,6700.548074379999,11576.76,1897.4399999999998,7423.879999999999,14189.70987221
"Selling, general & administrative",,,,152133.06000000003,5094.389999999999,63246.73196895,55560.195816600004,183755.64208035002,76957.69035666,10042.9166824,,96110.86712934,6598.187100199999,469.0,1959.1099999999997,,6996.956806879999
Direct Expenses,,,,,,,,,,,,,,,,,
Direct Expenses,,,,,,,,,,,,,,,,,
Direct Expenses,,,,,,,,,,,,,,,,,
Direct Expenses,,,,,,,,,,,,,,,,,
Direct Expenses,,,,,,,,,,,,,,,,,
Direct Expenses,,,,,,,,722169.3334528,,,,48494.94693746,15423.121948,,,,
"Other income (expense), net",,,,,,,,,,,,,,,,,
"Other income (expense), net",,,,,,,,1632.4363913999998,0.9529951200000001,,,,,,,,
"Other income (expense), net",,,,,,,,34554.961083760005,,7.3793272000000005,,33450.77480813,26671.968447979998,,,,
"Other income (expense), net",,,,,,,,,,,,,,,,,
"Other income (expense), net",,,,,,,,,,,,,,,,,
"Selling, general & administrative",,,,297600.0,,,,,,,,,,,,,
"Selling, general & administrative",,,,244377.22000000003,261577.15000000002,1002.8316199999998,445154.57654752006,580283.0604790801,7632.19690732,,,,,13635.2,8.75,274.48,45963.5456635
"Selling, general & administrative",,,-5306068.0,-5192956.93445176,1231059.65,225199.20253008502,990340.75557004,18094.33558324,646.7135999999999,65010.348459479996,37670.968438368,333659.37936516,333149.35323801,34616.68,,9817.08,292345.96439335
"Selling, general & administrative",,,4698412.819999999,4698412.819999999,,,,,,,,,,,,,
"Selling, general & administrative",,,,59179.18,7102.32,106695.03777808801,235171.13157736,197876.44308253002,-161.67839999999998,3729.2302467499994,32526.190178579003,37346.380293739996,78868.21072663,4067.3799999999997,,66.85000000000001,69368.94905606001
"Selling, general & administrative",,,,,,,47369.93,394137.91190901,7789.207998199999,1129.285735,40.88244159999999,11885.7398665,10392.66259281,9823.86,3955.73,10042.880000000001,988.8589527999999
"Other income (expense), net",,,,647355.3400000001,24461.010000000002,13307.50631774,753940.17960068,1059008.9024817098,140743.40690923,8327.695569040001,5080.462897129999,35248.17365749,72567.89817909,22080.0,19266.52,962.3599999999999,267583.26423823
"Other income (expense), net",,,,44265.27,57384.9,9341.848040389,171600.49790396003,74876.1421591,100727.68838285,4347.63788066,981.0854278869999,35612.7055915,14810.531871939998,25912.05,4246.8099999999995,15876.99,2976.90991975
"Other income (expense), net",,,,2124272.14,359791.93000000005,63940.04667956001,62239.54,1050987.79524289,-1126.5943244599998,22201.923407320002,668.2057485199999,44704.979730959996,93268.42159314,39055.54,4748.91,58531.01,13887.68307175
"Other income (expense), net",,,,743687.06,105775.74000000002,35605.675015,126076.92788,116365.69002061001,34539.058988,84502.77355560001,8276.380000000001,48279.627733400004,10128.9895954,181.45999999999998,23941.059999999998,13000.000000000002,
"Other income (expense), net",,,,239500.00000000003,,,,,,,,,,,,,
"Other income (expense), net",,,,2646698.21,53716.340000000004,113220.67473923002,296820.42623060005,,,,7169.6504177,35979.74666501,53817.997915080006,2945.2799999999997,2535.93,1098.62,25216.61912482
"Other income (expense), net",,,,5040815.38662976,,,,,568457.60586132,39527.753573,56424.720835,,,,,,
"Other income (expense), net",,,,12787931.02189204,1870798.25,33899.16805831,2237336.227242369,158652.31186083,555053.75820962,25117.97464226,58926.18530623,12976.231,9471.90988022,74468.64,39990.899999999994,6362.499999999999,15505.074919980001
"Other income (expense), net",,,,2196724.28,280883.22000000003,8131.092214849999,1013537.8272708501,306316.66769653006,11756.654237140001,7022.87044499,2962.1617301199994,82426.65228955001,46076.83087132,9659.77,,,59015.959346409996
"Other income (expense), net",,,,,,153294.903174119,,,-146389.09283713,,,,,,,,
Impairment loss on business held for sale,,,,,,,,,,,,,,,-39933.98,,
Research and Development,,,,,339248.93,,,,,,,,,,,,
"Other income (expense), net",,,,,,,,,,,,,,,,,
"Other income (expense), net",,,,-49621441.0,3791013.0,369283.43441862,12662135.0,2470529.27448306,836114.17264834,415875.55465634,299746.14671768004,637411.03517314,383512.4763509501,814916.0,611073.0,524868.0,624908.2048716401
"Other income (expense), net",,,,,,,-109.33719505,,,,,,,,,,
"Other income (expense), net",,,-1019291.0,-1009626.49248,7445.879999999999,332685.412222078,,-746174.8912718801,-595539.16247631,-10476.25475735,83720.60479114001,5439.772512699999,695.33063531,136521.02000000002,4230.84,218742.39,202925.52398330002
"Other income (expense), net",,,,,,,3344.4099999999994,,,1830.6132499999999,,,,,105.53999999999999,,
"Other income (expense), net",,,,2430.2,30100.780000000002,,,,,,,,,,,,
"Other income (expense), net",,,,,360558.09,66842.16531195,1606666.1544136,,,,,,-19762.17824848,,,,
"Other income (expense), net",,,,,,,,,,-36.3867,,,,,,,
"Other income (expense), net",,,,-0.02,-12.01,,,-3711.2914312999997,,,340.77002,,,,,,
"Other income (expense), net",,,0.0,0.0,,,,2204206.60038954,1690987.27820568,500276.2215632,,,-1086.3546665699998,-95783.93000000001,0.0,,-1582010.67284118
"Other income (expense), net",,,,,,,,,,,,,,,,,
"Other income (expense), net",,,,,,,,,,,,,,,,,
"Other income (expense), net",,,,,,,,-669884.5630930001,-104900.91909364,,81998.79556646901,,,,9176.58,,1360.4820159099997
"Other income (expense), net",,,,,,,,12670.95749768,,,,,,,,,
"Other income (expense), net",,,,268019.98540666,64877.2,3586.6950088,577315.71820992,47740.761972,555.321696,3381.66084746,1152.03661857,26288.89986122,34462.076906,3242.75,,8614.710000000001,
"Other income (expense), net",,,,20086.52,,1909.6086831999999,1850460.005896219,242281.88037444005,,,,26543.41269256,15847.8983575,15311.89,,3699.9999999999995,
"Other income (expense), net",,,,,,,,,,,,,,,,,
"Other income (expense), net",,,,,,1220.41942074,,9667.6611728,11161.38783705,,,,,,,,
"Other income (expense), net",,,,,,,,173583.25926496,8104.029125000001,231.0402528,,,,,,,
"Other income (expense), net",,,,40082.35,,873.1679999999999,102208.47,,7691.33972,,77.1744896,71.1625968,,8612.67,335.34999999999997,,
Impairment loss on business held for sale,,,,,,,,,,,,,,,,,
Goodwill impairment,,,,,,,,,,,,,,,,,
Impairment loss on business held for sale,,,,,,,,,,,,,,,,,
Loss on disposal of business,,,,6469039.0,,,,,,,,,,,,,
"Selling, general & administrative",8638005.62,,-1405426.66,8627469.63,0.0,-9.61818,-13.61080464,,,-15.4294998,,178.4124009,111.62334299999999,0.0,0.0,0.0,-106.438416
"Selling, general & administrative",13260982.0,,,13260982.0,,,,,,,,19568.6296579,,,,,
"Selling, general & administrative",4044.15,,-2828813.0,-1287177.28,71206.02,23496.95088,429789.3768312,,,44608.9306848,1985.3548254,5882.772937199999,48921.865512000004,16401.0,43078.89000000001,12403.0,29319.192477
"Other income (expense), net",,,-24474.0,457007.69680000003,3335581.13,29770.323515859,3704750.146354448,837474.51083261,158066.38920186,33396.3080129,,72968.84908927,141400.16295616003,29407.37,,18864.64,76726.43244984
"Other income (expense), net",,,,,,,,,,,,,,,,,
"Other income (expense), net",,,,,479999.15,,26093352.0,,,,,,,,,,
"Other income (expense), net",265225.0,,,265224.83,,,153.82,,,,3.93362032,1.0908000000000002,,,,,
"Other income (expense), net",,,,,358558.78,,,,46932.64484336,,,,5230.650471079999,,24148.54,,3456.1244743999996
"Other income (expense), net",,,,-4330514.8927886,-90183.64,-89482.60275494901,,-1049.98452,,,-2674077.0,,,-137.18,,-57.85999999999999,
"Other income (expense), net",,,-282710.00000000006,-282041.98838647007,,4052474.1135029485,,-9182.97651373,,298393.28984091,,-194834.2585124,,-17144.52,,3939.4999999999995,
"Other income (expense), net",,,,,-1034053.8,,,,,,,,,,,,
"Other income (expense), net",,,,,,,,,,,,,,,,,
"Foreign currency (gain) loss, net",,-3909234.39,,-1283366.5042761322,91796.18000000001,,-78492.85277263001,33994.0989631,30299.75691476,-209630.77227597,-18386.37042342,-302.30253008,297275.44405793,,,,100545.90686044001
"Foreign currency (gain) loss, net",,,,42544.66997915,51222.89000000001,-1662.8893522079998,-182151.74414169003,167251.06124924,-17193.94223775,124507.62893772002,,13464.27001115,17341.79612624,,48807.19,,13217.26226206
Loss on debt extinguishment,,2644312.0,,2644312.0,,,,,,,,,,,,,
Increase (decrease) in fair value of warrant liabilities,24797187.7,,,24797187.7,,,,,,,,,,,,,
Third party interest expense / income,,-4062630.47,,-4422493.470000001,,-782.153255559,-2049.0269984,-364991.33789667004,,-662.9894143199999,,-1490.4519473399998,-4437.246321799999,-568.54,-831.4699999999999,,-1523.83471354
Third party interest expense / income,,,,,,,,,,,,,,,,,
Related-party interest expense (Note 9),,-31676025.330000002,,-45562984.926040776,-1474992.58,,-4892084.0,-1196217.6330067,-265549.04486970004,-62122.009156320004,,,-241523.77997789002,-222716.7,-3282876.6,-263493.93000000005,-268504.33507288
Third party interest expense / income,,57229730.59,,57229958.88890104,54854.25,,1171.5199999999998,447050.16447625007,24244.373637499997,66069.47274385,110.79976808,,3146.1880576199997,,94663.57,,24232.364103
Third party interest expense / income,,862722.16,,862722.16,,,,,,,,,,,,,
Third party interest expense / income,,,,,,,,,,,,,,,,,
Third party interest expense / income,,,,,,,,,,,,,,,,,
Third party interest expense / income,,3097525.4699999997,,3097525.4699999997,,,,,,,,,,,,,
Third party interest expense / income,,,,,,,,,,,,,,,,,
Third party interest expense / income,,,42923.0,42923.0,,,,,,,,,,,,,
Related-party interest expense (Note 9),,,,64725927.91847116,,1024516.54058578,,,,95756.54719380001,293064.61202718003,,,889531.74,2302494.65,,171004.27777346002
Benefit from income taxes,0.0,,-7859.999999999999,8072244.466018,,,330785.50782,5153610.7049974,153262.461856,,,,-20668.045177,,1845406.1800000002,,1858705.63664027
Benefit from income taxes,,-14569.0,,1045298.39,-29476.649999999998,,197030.60437760002,,,,,,,30514.660000000003,,-0.23,
Benefit from income taxes,,,421887.47000000003,257967.20078580003,,,-7193265.0,,698006.4698886,-15688.070523380002,16.85071542,,,,,,
Benefit from income taxes,66537.0,-3357414.0,-77490.0,8295531.01822,-1025692.0000000001,,-6042063.0,,,,432838.1092800001,299844.79974,,-336959.0,977947.51,6489.999999999999,1370.480806
Benefit from income taxes,-43408.68,52822.799999999996,,411592.81000000006,-156399.0,,-946531.33,,,,,,,-5245.0,,-5325.0,
"Other income (expense), net",,,,,,,,,,,,,,,,,
Loss attributable to noncontrolling interest,,,,-1787880.0,,,,,,,,,,,,,
Cash and Cash Equivalents,,1294317.18,,20910504.367128883,306057.92000000004,1637047.002676799,2236366.00084054,39364843.7278992,8536998.819658801,2198565.8682516,298442.51020560006,4038435.2831316,4339183.6694855,-18413.010000000002,8278070.42,-7495.8099999999995,10794431.30581024
Cash and Cash Equivalents,,2153071.2,,2153071.2,,,,,,,,,,,,,
Cash and Cash Equivalents,,,,0.0,,,0.0,,,0.0,,,,,,,0.0
Cash and Cash Equivalents,,,,,395.36,0.0,892.0999999999999,37.170595199999994,,202.69452239999998,,,,1999.9999999999998,2246.93,1500.0,
"Accounts receivable, net",,,,761592.3200000001,12263259.370000001,3103957.4368463997,43644837.2251712,21958452.2127648,6036458.2303452,384791.87769840006,868745.2134312,1961630.4071772,4103744.8292654,2420354.4099999997,6419608.18,1836180.75,2072184.4895664
"Accounts receivable, net",,,,,,,,,,,,,,,,,
"Accounts receivable, net",,,,,-2193195.2600000002,-83683.07258040001,-4145487.2604436004,-74298.1594764,-53662.3208292,,,-88146.71145120001,-6819.570788799999,,,,
"Accounts receivable, net",,,,,,,,,,,,,,,,,
"Accounts receivable, net",,,,,,677798.2987200001,6633630.0,1296705.2965092,1861120.6983732,0.0,,24350.9557608,37004.2196249,33129.28,,,0.0
"Accounts receivable, net",,,,,,,,,,,,,,,,,
"Accounts receivable, net",,,,,,,,,,,,,,,,,
Prepaid expenses and other current assets,0.0,,0.0,292951602.85,6458833.11,1354650.8000327991,-13547884.4955368,10253513.1446256,6003124.6382604,6540635.3165856,6684475.5099948,677772.3300708001,967452.1334060001,15370944.469999999,2605034.2,1725417.6900000002,2834011.4533878397
Prepaid expenses and other current assets,934243716.09,1067713668.82,,75139650.0043476,83232369.44,0.0,,20647730.3682,5977855.8844392,0.0,,,4760142.6101295,,,,
Prepaid expenses and other current assets,,,,,35914443.0,,124443400.89,,,,,,,5286784.3100000005,,9067855.97,
Prepaid expenses and other current assets,,,,1213046.24,,,,0.0,,,,,,,,,
Prepaid expenses and other current assets,,,,,,,,,,,,,,,,,
Inventories,,,0.0,0.0,,604031.4315396,12703469.1911596,19375844.1363576,4178915.2017599996,3466061.047626,1806396.0357528,398409.3384936,49256.013108499996,5932352.98,8286498.52,5234148.930000001,6580892.61967104
Inventories,,,-2547991.6645743,-3439509.5386196403,,,,2987125.2014616,,52590.4215156,,,,,,,
Inventories,,,,,,1516225.4618568,1052700.7846579999,11729310.937878,2522753.2756836,830357.6123304,642023.477028,187901.14422120003,21188.2094776,774487.2200000001,5342077.100000001,93812.66,367922.42046912
Inventories,,,,,0.0,,4815389.032912401,3504170.8515024,2038296.7352928,1445038.9822512,138353.7120228,1578328.4876244,396846.59398670006,193012.53,,,557184.9230710401
Inventories,,,,,,,,,,,,,,-1558848.98,-11617736.2,-1794729.41,
Inventories,,,,,,,,-2504926.3332732,-1964631.4361016,-1068309.2609712002,-21636.420744000003,-56941.88641680001,-84426.47120930001,-745148.17,-198192.37,-399542.5,-940961.24588224
Inventories,,,,,,,-4265186.3100000005,-317887.1460552,-786419.6511600001,-26382.7570008,,-26890.1444544,-49632.384428,,,,
Inventories,,,,,,,,,,,,,,,,,
Prepaid expenses and other current assets,,,64981.41,64981.41,,,1237702.3,0.0110364,,,,,,0.0,,0.0,31239.693936000003
Prepaid expenses and other current assets,,,,,,,,,,,,,,,,,
Prepaid expenses and other current assets,,,,594217.26,0.0,,11293.2611736,,,,16638.6863316,-0.2317644,,1986.1099999999997,0.0,2032.3999999999996,0.0
Prepaid expenses and other current assets,,,,,9971.29,,292561.81820000004,,,,,,,29895.65,,12166.93,
Prepaid expenses and other current assets,,,,,,,,,,,,,,,,,
Prepaid expenses and other current assets,,,,,,,550582.1508396,,,,,,,,,,
Prepaid expenses and other current assets,,,,2061842.33,1472640.19,227620.01107200002,1348779.6478736,367721.2156344,206264.7757272,474582.2733108001,,,221756.83572240002,64210.66,18686.6,90028.34000000001,125747.999784
Prepaid expenses and other current assets,0.0,,0.0,640078.9400000001,,,460824.46717400005,3044705.0690532,,,,714568.4933280001,,,,,138584.3846288
Prepaid expenses and other current assets,,,,2601889.3699999996,,,363736.79000000004,,,,,,,,,,5609.86105152
Prepaid expenses and other current assets,,,,,720.95,,,,,,,,,,,,
Prepaid expenses and other current assets,,,0.0,0.0,,,9260.220000000001,23811.706220400003,4681.8947172,0.0,,18234.9801912,678.7541353999999,,,,
Prepaid expenses and other current assets,,10908.599999999999,,608652.49,,,1766147.8730499998,558912.2665500001,227351.9148432,854.4491244,61828.892628,,,,0.0,,86.79390015999999
Prepaid expenses and other current assets,,,,23095.76,,,,,181327.8754176,,,,,,,,
Prepaid expenses and other current assets,,3221.25,,580231.00799024,,124122.51702360003,,28198.266873599998,0.0,,,,,,,,
Prepaid expenses and other current assets,,82167.79000000001,,82167.79000000001,,,,,,,,,,,,,
Prepaid expenses and other current assets,,5963.19,,5963.19,,,,,,,,,,,,,
Prepaid expenses and other current assets,,,563540.0000000001,1027257.5224400001,,,,,,,,,,,,,
Prepaid expenses and other current assets,1519961.16,,,4842315.4755983995,480108.9800000001,,0.0,,-66032.98848,165.656364,0.0,,,52013.12,867413.03,35459.840000000004,0.0
Prepaid expenses and other current assets,,,,,,,,,,,,,,,,,
Prepaid expenses and other current assets,,,,,,,,,,,,,,,,,
Prepaid expenses and other current assets,,,,,,,,,,,,,,,,,
Prepaid expenses and other current assets,,0.0,,4971563.75,,,,,,,,,,342477.00000000006,,,
Prepaid expenses and other current assets,,0.0,,0.0,,,,,,,,,,,,,
Prepaid expenses and other current assets,,,,-1342059.3492,,,-442152.6396408,1016648.3802456001,229906.96284360002,0.0,210766.9205976,-29668.0725528,162280.05938320002,,,,0.0
Prepaid expenses and other current assets,,358962.35000000003,,358962.35000000003,,,,,,,,,,,,,
Restricted cash (current),,,,,,,,,,282582.3756756,,,,,,,
Costs in excess of billings on uncompleted contracts,,,-300000.00000000006,-300000.00000000006,,,,15589386.486044401,1141582.812108,5673591.353178,,3980519.3792328,334667.00946360006,603001.59,6474163.74,766551.03,
"Property, plant, and equipment, net",,,,,1513918.93,,,754642.9750596,0.0,,,,,,1207706.86,,
"Property, plant, and equipment, net",,,,,200000.0,,,1841768.7903564,,,,,,,123123.5,,
"Property, plant, and equipment, net",,,,,2270545.5,806212.8717035999,1650331.6527904,8921772.4100424,886269.7364088,114136.61675760002,,22885.023857999997,665946.9571183,105818.23,,93147.83000000002,116345.9181632
"Property, plant, and equipment, net",,,,11393.27,1187648.54,1417700.9806847998,3676877.6199999996,3277812.2236956,1495197.179862,7239962.7291324,3588869.0521548,124309.99235040002,327661.74178870005,225144.41999999998,383501.33,383432.91000000003,440632.16597664
"Property, plant, and equipment, net",,,,218805.96000000002,107367.82,87470.03665800001,833211.7587772,85888.53157440001,87380.7080364,251266.67896680004,63450.7798992,154075.77015240001,250930.49505370003,138169.44,76936.84,58658.82,-230768.36250336003
"Property, plant, and equipment, net",,,,1459360.0,6134287.62,461666.241954,686639.3300000001,1472459.6905992,354207.0003612,312279.98163480003,,708298.6151604,,,32875.33,,213670.22064608004
"Property, plant, and equipment, net",,,0.0,0.0,,252861.58224000002,8998598.29,,,,,,,,,,
"Property, plant, and equipment, net",,,,,,,1668881.7438864,361622.55617640004,,,,228990.19116840005,,,,16274.34,
"Property, plant, and equipment, net",,,,,64342.85,2095.0067028,12496.650000000001,411.0617543999999,,,,,1271.75697,15334.85,,,970.0760959999999
"Property, plant, and equipment, net",,,,1125645.1199999999,7582420.18,397976.9323415991,896923.34,5300357.3122704,116980.0127808,2837252.5228488,1474530.4944768,34147.6921308,0.0,42817.32,21227.09,4574.879999999999,21369.162115839998
"Property, plant, and equipment, net",,,,,,,2581781.0,,,,,,,,,,
"Property, plant, and equipment, net",,,,,0.0,34158.1436016,,911.2314024,,0.0,13593.0041328,,,,-3100.0,,
"Property, plant, and equipment, net",,,-1940125.16,-2248125.9872264,2024451.6400000001,2144920.090986,,,,,,,,,,,
"Property, plant, and equipment, net",,,,-388116.1352,-84698.75000000001,,,-496869.65403599996,0.0,,,,,,-120168.69,,
"Property, plant, and equipment, net",,,,,-609026.16,-151255.50642360002,-449993.5334152,-625938.6193212001,-270163.99766760005,-26073.7929828,0.0,-16035.8119452,-127147.1683977,-12605.96,,-92643.55000000002,-43330.681662400006
"Property, plant, and equipment, net",,,,-8859.3,-568929.8300000001,-542793.6816048,-1541835.33,-1881327.09966,-378006.03679439996,-1618546.9502304,-924599.0432448001,-37277.979372,-152153.75497850002,-100061.28,-181371.93000000002,-187119.63000000003,-85335.22555008001
"Property, plant, and equipment, net",,,,-77855.32,-45248.1,-30085.8223656,-402603.569582,-22524.232905599998,-77955.6334728,-76823.1443232,-31854.681375599997,-79303.14480360001,-125267.6032542,-66288.03,-23012.16,-26800.46,309070.63442112005
"Property, plant, and equipment, net",,,,-852420.69,-4600620.74,-355776.39851399907,-265070.94,-965506.541412,-126027.37759080001,-201805.4962344,,-311758.56691680005,9693.4996653,,-10952.279999999999,,-101789.54163136
"Property, plant, and equipment, net",,,,,,,-1755707.61,,,,,,,,,,
"Property, plant, and equipment, net",,,,,,,-1068841.5518808,-51466.32003,,,,-74590.43645760001,,,,-7246.7699999999995,
"Property, plant, and equipment, net",,,,,-27881.88,-1071.2702387999998,-13031.48,-411.0617543999999,,,,,-211.959495,-12889.1,,,-206.10722527999997
"Property, plant, and equipment, net",,,,,0.0,-8262.853352399,,-911.2314024,,,-11294.2985952,,,,3100.0,,
"Property, plant, and equipment, net",,,1297516.7737,1297516.7737,-1344203.89,-1334135.9975843988,,,,,,,,,,,
Operating lease right-of-use assets,,,50120764.99999999,50120764.99999999,,,,,,,,,,,,,
Operating lease right-of-use assets,,,-17333676.99,-17333676.99,,,,,,,,,,,,,
Other assets,,,-95907.0,-95907.0,,,,,,,,,,,,,
Other assets,,,242227.0,242227.0,,,,,,,,,,,,,
Other assets,1983791813.9299998,3930022698.0,,1436749146.9083807,59086702.17,-26123.730000000003,,,-0.278911,,,,-0.0013335500000000002,,,,0.0015818800000000001
Goodwill,,,0.0,0.0,2199352.28,0.0,358877032.68,0.110364,0.0,0.0,,,,,,,
"Intangible assets, net",,,,0.0,,0.0,,0.0,0.25383720000000004,,-2042.0871647999995,,-18975.1868559,,,,
"Intangible assets, net",,,,,2656324.01,,45160000.0,-0.0110364,0.0,,,,,,,,
"Intangible assets, net",,,,,,,33400000.0,,,,,,,,,,
"Intangible assets, net",,,,,0.0,0.0,78220000.0,,0.0,,,,,,,,
"Intangible assets, net",,,,,0.0,,27480000.0,,0.0,,,,-0.4710211,,,,
"Intangible assets, net",,,,,,,14150000.0,,,,,,,,,,
"Intangible assets, net",,,,,,,0.0,,,,,,,,,,
"Intangible assets, net",,,,,,,,0.0,0.0,,,,,,,,
"Intangible assets, net",,,,,-1224856.03,0.0,-24189441.0,-0.2428008,0.0,,,,-0.1909545,,,,
"Intangible assets, net",,,,,,,-10536904.0,,,,,,,,,,
"Intangible assets, net",,,,,0.0,0.0,-29723657.0,-0.0772548,0.0,,,,0.5601332000000001,,,,
"Intangible assets, net",,,,,0.0,,-6248475.0,-0.2317644,-0.2538372,,,,-0.3946393,,,,
"Intangible assets, net",,,,,,,-10587500.0,0.0441456,,,,,,,,,
"Intangible assets, net",,,,,,,,,,,,,,,,,
Other assets,0.0,,0.0,104640605.0,25420591.0,,,,,,,,,74580281.2,,49498551.550000004,
Other assets,,135123101.57999998,-0.01,-404322.96,,,,,,,,,,,29589719.4,,7263682.3092064
Other assets,,,,,,,,,,,,,,,,,
Other assets,5552551.0,,,1657493.0,,,,,,,,,,,,,
Other assets,0.0,,0.0,437497.9800000001,21000.14,,2188918.4421588,,,,,,13571.3272695,,,,
Other assets,,,,,,,,17498926.7848272,0.0,,,,,,482464.00000000006,,
Other assets,,,,,,,,,,,,,,,,,
Other assets,,,,,,,,,,,,,,,,,
Other assets,,89444.75,,89444.75,,,,,,,,,,,,,
"Intangible assets, net",,,,,,,,,,,,,,,,,
Other assets,,,,,62847.83,181217.68800000002,,,121131.24427680002,,26752.2225636,,,,,,
Other assets,,658097.62,,658097.62,,,,,,,,,,,,,
Other assets,,,,,,,,,,,,,,,,,
Other assets,0.0,,,266.0,,,,,0.0,0.0,,,,,,,
"Restricted cash, non-current",,,,,,,,,,1093708.3215672,,,,,,,
Accounts payable,,,0.0,1677417.058,701487.9500000001,777798.6776640001,3597560.4387252,9082694.4343524,1713551.8461876,325448.59204200003,399588.88685280003,239517.39374520004,70646.8253106,677739.01,664789.89,234552.77000000002,1108645.0167408
Accounts payable,,,0.0,0.0,0.0,,567569.26444,10716772.4798832,1165822.3664472,,,1727880.7464359999,554193.3947836,31210.4,261583.14,251451.74000000002,45280.32340128
Accounts payable,,,,130202.28981160001,1136291.0499999998,12571.000383599,175786.56395622002,203054.30904000002,185295.31774440003,300.0576432,,0.0,,0.0,0.0,0.0,
Accounts payable,,,,,,,,,,,,,,,,,
Accounts payable,,,,186987.2,,,,,,,,,,,,,
Accrued expenses and other current liabilities,,,,0.44,0.0,70662.2174964,158484.76,2799038.1159731997,744816.7494288001,110719.5045168,137924.5726452,,,7.0200000000000005,4293.21,25.95,
Accrued expenses and other current liabilities,,,,43756.67,,0.0,,99275.72892,,79033.86768,26544.5175156,,,23591.87,0.0,14825.02,
Accrued expenses and other current liabilities,,,,16281.93,-21238.34,,-29284.36515,,119884.85947920002,,36297.825651600004,,,70387.76,6088.249999999999,2331.4599999999996,
Accrued expenses and other current liabilities,,,,,,,,6872.542862399999,,,,,,,,,
Accrued expenses and other current liabilities,,,0.0,-152430.91,93273.71,,270408.52,,,,,,,88604.74,,2326.06,
Accrued expenses and other current liabilities,,,-2945.9999999999995,-2946.0899999999997,0.0,0.0,109297.40919480001,1533409.942314,1154225.3614728001,693346.710132,246589.4526468,58470.814090800006,,4399.999999999999,571240.5,20765.0,48224.134728000005
Accrued expenses and other current liabilities,,,0.0,4405143.46,686566.0,132642.07704000003,2900917.8892,1156552.5519587998,389501.42963400006,,,106130.7459792,248851.8916697,166446.82,135295.44,61204.829999999994,180103.000352
Accrued expenses and other current liabilities,,,,0.0,150000.00000000003,,784721.5493808001,1449634.6054296,135072.62341200002,90979.81051320002,110239.730136,86401.9559388,138568.34799720004,28222.5,91906.39,9809.17,87773.60158336
Accrued expenses and other current liabilities,,,,,114377.40000000001,,2087746.4565144002,,87277.50666000001,,,,,4499.999999999999,,17829.59,0.0
Accrued expenses and other current liabilities,,,,614650.8800000001,266532.63000000006,185726.92927559902,1098074.6350124,3581063.5030728,1524208.0568676002,217464.08402760004,206834.89407840002,185397.4816992,47373.2781203,93850.42000000001,183688.13000000003,46572.97,141729.86014176
Accrued expenses and other current liabilities,,,,0.0,,,,-42631.405920000005,,,,,,,,,
Accrued expenses and other current liabilities,,,,-3440.72,,,,,,,,,,,,,
Accrued expenses and other current liabilities,,185176.66,,185176.66,,,,,,,,,,,,,
Accrued expenses and other current liabilities,,322604.62000000005,,322604.62000000005,,,,,,,,,,,,,
Accrued expenses and other current liabilities,,,,-1342059.3492,,109410.123947999,,1842807.2273052,1401041.4134844,0.0,199272.2120148,660650.8122756,939977.9182035,,,,66497.23033888
Accrued expenses and other current liabilities,,,,,140725.50000000003,,,,,,,,,,,,
Accrued expenses and other current liabilities,,,,,,,,,,,,,,,,,
Accrued expenses and other current liabilities,,,,,,,57788.530000000006,,101095.2560424,,,0.0,,,480358.5300000001,,
Accrued expenses and other current liabilities,,,,,,,,,204625.50612600002,,,4358.82618,0.0,,,39759.05,0.0
Accrued expenses and other current liabilities,,,-165301.00000000003,3154569.55,92691.40000000001,38627.4,2897833.7625567997,271202.920218,477771.81498360005,515175.01335,197015.080596,6621.839999999999,27720.4064742,62151.71,9398.33,147311.73,130889.27485568002
Accrued expenses and other current liabilities,,,,302012.3,,,,,,,,,,,,,
Accrued expenses and other current liabilities,,,,,,,,,,,,,,,,,
Accrued expenses and other current liabilities,,,,,,,,,,,,,,,,,
Accrued expenses and other current liabilities,,,,10673.070000000002,131326.55,,2569713.11,259482.84834720002,79.7269536,314868.09468960005,,,305896.0859031,219720.90000000002,16892.28,0.0,
Accrued expenses and other current liabilities,,,,,,,155980.62,,,,,,,464.35999999999996,,13476.0,
Accrued expenses and other current liabilities,,,,0.0,0.0,,,,12140.04,,,,,,,,
Accrued expenses and other current liabilities,,,,,,,,,,,,,,,,,
Accrued expenses and other current liabilities,,10689143.0,,10689143.0,,,,,,,,,,,,,
"Other income (expense), net",,,,,,,,,,,,,,,,,
Accrued expenses and other current liabilities,,,,6333.01252461,,219582.9624636,0.0,,,46573.608,44145.600000000006,49308.42792,,,,,
Accrued expenses and other current liabilities,,,,,,,92839.01000000001,3019341.8767572003,545722.2565632,336852.58141680004,,,,0.0,90395.00000000001,34803.8,35131.23038304
Accrued expenses and other current liabilities,,,,,,,862572.59,740542.4400000001,526441.7982,55182.0,,44145.600000000006,125134.29155260001,,133550.0,,0.0
Accrued expenses and other current liabilities,1169107.52,1069.6499999999999,,171116866.180978,75958471.95,572858.854865998,30506355.8227696,13399376.5317108,4958651.2752984,5770850.7207816,1240433.5513368,2127916.7399256,632436.5683284,26919034.52,361883.58,3603168.13,1568632.87872544
Accrued expenses and other current liabilities,907378915.68,552899350.52,,145974184.9209488,,,,,,4444568.4792744005,5886450.455159999,,,8250000.0,,,5159021.98775744
Accrued expenses and other current liabilities,,,,389435129.82,,,,,,,,,,,,,
Accrued expenses and other current liabilities,,,,890843.8143999999,,,,-1804784.69928,681941.36328,,,,874436.7197412,,,,
"Third party debt, current",,,,1004.3123999999999,74191.5,,,,,,,,,,64118.64,,
"Third party debt, current",,,,,,,,1020729.2546916,,,,,,,,,
Accrued expenses and other current liabilities,,,,,,,,,,,,,,,,,
Accrued expenses and other current liabilities,,,,,,,,,,,,,,,,,
Accrued expenses and other current liabilities,,,,,,,,,,,,,,,,,
Accrued expenses and other current liabilities,,0.0,,0.0,,,,,,,,,,,,,
Accrued expenses and other current liabilities,,,,0.38000000000000006,,,,,,,,,,,,,
Accrued expenses and other current liabilities,,,,-0.62,,,,,,,,,,,,,
Accrued expenses and other current liabilities,,,,,,,,,,,,,,,,,
Accrued expenses and other current liabilities,,0.0,,0.0,,,,,,,,,,,,,
Deferred contract revenue,,,,,10561045.58,514234.43616000004,30488688.9358216,5176549.851357601,125567.45769360001,,,1173779.577738,1283327.5524003,0.0,,,102167.27538336001
Deferred contract revenue,,,0.0,0.0,,,,11999355.7865712,1074215.081412,0.0,,0.0,125520.52885460001,2151096.0,3742567.5999999996,3467139.0,
Accrued expenses and other current liabilities,1519961.16,,0.0,1785403.10748,0.0,0.0,377672.22984000004,-15587.81136,,0.0,,0.0,0.0,,0.0,,327602.090112
Accrued expenses and other current liabilities,0.0,,,0.0,0.0,,240172.72000000003,,,,,,,,,,
"Operating lease liability, current",,,6837468.0,6837468.0,,,,,,,,,,,,,
Accrued expenses and other current liabilities,,,67172.00000000001,67172.00000000001,,,,,,,,,,,,,
Accrued expenses and other current liabilities,,,0.0,0.0,0.0,,,,,,,,,,,,
Accrued expenses and other current liabilities,,,,,,,,,,,,,,,,,
"Third party debt, non-current",,,,,1680792.27,,,,,,,,,,929717.2899999999,,
"Third party debt, non-current",,694625000.0,,694624999.99,,,,,,,,,,,,,
"Third party debt, non-current",,,,0.17,,,,,,,,,,,,,
"Third party debt, non-current",,-12512626.0,,-12512625.399999999,,,,,,,,,,,,,
"Third party debt, non-current",,,,,,,,,,,,,,,,,
Warrant liabilities,55317052.18,,,55317052.18,,,,,,,,,,,,,
Other liabilities,,,,,,,,,,,,,,,,,
Other liabilities,,,,,,,,,,,,,,,,,
Other liabilities,,,,,,,,,,,,,,,,,
Other liabilities,,,0.0,0.0,,,,,,,,,,,,,
Other liabilities,,,,0.0,,,,,,,,,,,,,
Other liabilities,,,,5.62,,,,,,,,,,,,,
Other liabilities,663230.0000000001,,,53206649.0,95884361.28,,0.0,,,,,0.0,0.0,74794397.93,0.0,0.0,
Other liabilities,,,,51362016.499226,,22825192.884864002,,,,,,0.0,,,35894600.02,,
Other liabilities,,,,,,,,,,,,,,,,,
Other liabilities,622527.0,,,0.0,65036.10999999999,28936.33716,579001.8752880001,,,57651.6373008,2007.5211599999996,43259.410189199996,50328.477232,21892.0,48274.04,16200.0,29661.245856
Other liabilities,,,0.0,0.0,,,,,,,,,,,,,
Other liabilities,,,-0.030000000000000002,0.0031092000000000003,,,,,,,,,,,,,
Other liabilities,,,,-24503.925266386,,,-21527.3423408,,,,,,,,,,
Other liabilities,,,,-6880.903309130999,,,,,,,,,,,,,
Other liabilities,,,,1.36,,,,,,,,,,,,,
Other liabilities,,,,,,,,,,,,,,,,,
Other liabilities,,,,,,,,,,,,,,,,,
Other liabilities,,,,,,,,,,,,,,,,,
Other liabilities,,,,2459.82,,,,,,,,,,,,,
Other liabilities,,,,,,0.0,45000.0,313747.19376,192697.75128000003,130229.52000000002,,,0.0,387120.63,,,
Other liabilities,,,-1146593.41,-1146593.41,287999.96,39731.04,188993.16000000003,6517324.287687601,,0.0,0.0,,,,,,
Other liabilities,,,,,,,0.0,,,,,,,,,,
Other liabilities,,,,4969073.76,,,,,,,,,,,,,
Other liabilities,,,,,,,,3858103.5862872,,,,0.0,,,,,
Other liabilities,,,,,,,,,,,,,,,,,
Other liabilities,,,,,,,,,,,,,,,,,
Other liabilities,,12611777.2,,12611777.2,,,,,,,,,,,,,
Other liabilities,,-0.39,,-0.39,,,,,,,,,,,,,
Other liabilities,,,,,,,,3958837.24572,2014135.5283571999,1702685.85924,,,,373781.0,,,
Other liabilities,0.0,,,7698820.32,,,642809.0000000001,,,,,,,,0.0,,
Other liabilities,,,,,,,2867301.3708696,,41368.6320684,,,,,,,,
Other liabilities,,,0.0,0.0,,,,,,,,,,,,,
"Operating lease liability, non-current",,,28089208.000000004,28089208.000000004,,,,,,,,,,,,,
Other liabilities,,,83705.00000000001,83705.00000000001,,,,,,,,,,,,,
Other liabilities,,,0.0,0.0,,,,,,,,,,,,,
"Deferred income taxes, non-current",-918896.0,-8639992.0,-77490.48000000001,-15347865.844721599,-981190.0,-6123784.264056,8669026.0,1428406.9950144,-570236.6393352001,-1432733.8377071999,-34326.51492,1021754.3265600001,0.0,-1976638.0,3199209.7399999998,-180752.0,-843663.2621824001
Class A common stock,20085.329999999998,,,20091.04,,,,,0.0,,,0.0013436400000000001,-0.030000000000000002,,,,
Class B common stock,856.0599999999998,,,856.0599999999998,,,,,,,,,,,,,
Class A common stock,,,,,,,,,,,,,,,,,
Treasury stock at cost,-1285757.0,,,-1285757.0,,,,,,,,,,,,,
Additional paid-in capital,,2923670376.0,-18499948.36,300861.62534348,147126702.67000002,5196888.81,332057279.8027595,236040754.83425182,109499525.1466409,21854070.939999998,10593371.41291688,9945282.96552018,54964604.063088045,18038978.84,47112399.78,97400000.0,40057801.52090996
Additional paid-in capital,,,,,,,,,0.09566999,,,,,,,,
Additional paid-in capital,,1011765478.0,-42383.0,73466864.86,,,,-47022820.29000001,-26507970.055150617,0.0,,,-0.01736825,,,,0.0049510399999999994
Additional paid-in capital,,,,3472364.64,,,,,,,,,,,,,
Additional paid-in capital,2081048024.82,0.0,-2352832.0,1992092888.2492082,,,,,,,,-95013.119208,,,,,
Additional paid-in capital,,,,,,,,,,,,,-37715764.03,,,,
Additional paid-in capital,58348428.92,,-1044035.0000000001,57304393.919999994,,,,,,,,,,,,,
Additional paid-in capital,-5557220.0,,,-5557220.0,,,,,,,,,,,,,
Additional paid-in capital,5299655.0,,-4255621.66,1044033.34,,,,,,,,,,,,,
Additional paid-in capital,-17533098.9,1.0,14624038.63,-1482590870.5712154,-97555059.05,-18395299.169999998,256807312.3631535,-118157997.55918977,-67457941.48,-4911865.76,-4787936.19074116,-6095943.376718201,-11818348.514828151,-25743835.950000003,-51229896.74,-37481122.0,-27390925.46
Accumulated other comprehensive loss,,,,-8933.11,,,,,,,,,,,,,
Accumulated other comprehensive loss,,,,2890896.1769999997,,,,,,,,,,,,,
Accumulated other comprehensive loss,,,,1518150.03,,,,437673.3197,362729.57698,433068.2285,,,,277800.00000000006,,,
Accumulated other comprehensive loss,,,19032946.87,23630598.3325771,,,,,,,,,0.00484255,,,,-0.010606639999999999
Accumulated other comprehensive loss,,,-19403526.12,-5040212.2030384,,192312.41,94619.46106872,-15266263.549999999,-3801119.7399999998,-1288647.0999999999,-448463.9,-452879.41000000003,2416844.52,5664.089999999999,,,-2955864.2762296
Accumulated other comprehensive loss,,,,-5884372.246174836,,688244.7809477741,160133.44222182702,8549017.6059466,3234935.52842326,397383.32390170003,102735.57777804401,261686.35955017002,-2892276.4165636,,,,2051550.6462671
Accumulated other comprehensive loss,,,,,,,,,,,,,,,,,
Accumulated other comprehensive loss,,1643866.5,,1643866.5,,,,,,,,,,,,,
Accumulated other comprehensive loss,,-12611777.2,,-12611777.2,,,,,,,,,,,,,
Accumulated other comprehensive loss,,-12243564.36,,-12243564.36,,,,,,,,,,,,,
Accumulated other comprehensive loss,,,,6253.999999999999,,,,,,,,,,,,,
Accumulated other comprehensive loss,,,,-1001024.86095,,,,28811.7863224,-17927.8998771,0.01,,,,,,,
Accumulated other comprehensive loss,,,,-929249.26,,,,,,,,,,,,,
Accumulated other comprehensive loss,0.0,5351470.04,,5351470.04,,,,,,,,,,,,,
Accumulated other comprehensive loss,0.0,-20773.24,,-20773.24,,,,,,,,,,,,,
Accumulated other comprehensive loss,,,,1.128477885,,,,,,,,,,,,,
Noncontrolling interest,,,120155.00000000001,120155.00000000001,,,,,,,,,,,,,
Noncontrolling interest,-7199311.82,,,65243281.202999994,,,,,,,,,,,,,
Accumulated deficit,-103036622.1,-2973568.65,-1734577.8,-1130152416.0320885,-11134073.98,3778873.4233801,-26217632.823871702,24133131.320739947,-6620938.84105137,2741240.5796223003,-829806.75207376,1813491.2734854398,-2086659.35453305,-1040425.74,33626661.800000004,-9269547.27,19899845.124304358
Accumulated deficit,-12423519.08,-6379320.5,4768.4800000000005,-126142000.65029097,,495292.86061024,10697157.819301369,1176474.57673286,-578957.9798485601,388555.34330620005,-1908610.50044788,17875.30075614,826432.6526671,,,,81056.73119260001
Accumulated deficit,9325786.82,,3116897.4899999998,1061316651.0472188,7397276.13,-786039.4600000001,5311713.26918976,-2843105.48331104,8991026.73,-7023564.79,1247037.32531122,202971.33640900004,3743052.21,,-26132373.14,7699936.22,-14298639.584647719
Accumulated deficit,,,,-1000000.0,,15412.58955,-7325000.0,3555.8863319999996,,,-60644.41451946,100811.70428000002,-271161.86986455,,,,
Accumulated deficit,-47651164.160000004,-20868068.52,6820224.7491257,-136424856.50610867,7114351.21,1908667.28022309,8342406.754354574,14671218.419337569,2374630.4186608996,4131248.2993678004,2296739.636997316,898367.36382123,3507506.61382015,-230202.73,7793277.74,252149.52000000002,4838724.684710859
